cset: --> last message, executed args into cpuset "/user", new pid is: 846314
Running erasure:
absl::flat_hash_map;foa_unordered_rc16_map;foa_unordered_rc15_map
10000;0.297611;0.223445;0.199085
10500;0.290624;0.223438;0.198841
11025;0.281848;0.225648;0.20043
11576;0.270746;0.225388;0.200056
12154;0.258991;0.225853;0.201572
12760;0.244306;0.226129;0.202268
13396;0.231041;0.225534;0.20265
14063;0.218825;0.227225;0.218577
14763;0.344741;0.246674;0.217168
15498;0.339201;0.244341;0.215511
16269;0.332397;0.242376;0.214141
17078;0.326184;0.241552;0.212517
17927;0.319167;0.23997;0.211181
18818;0.311393;0.239355;0.210382
19753;0.30529;0.238976;0.210201
20734;0.294956;0.238815;0.210374
21764;0.286878;0.238612;0.209941
22845;0.278996;0.237798;0.209339
23980;0.26479;0.237512;0.209934
25171;0.254956;0.237749;0.209772
26421;0.241552;0.237227;0.209417
27733;0.226023;0.237908;0.224288
29110;0.348359;0.254915;0.222565
30555;0.342031;0.253222;0.220811
32072;0.336148;0.251124;0.220377
33664;0.329128;0.249465;0.218658
35335;0.32209;0.247079;0.216836
37089;0.315001;0.246554;0.216167
38930;0.306987;0.244776;0.214541
40863;0.298037;0.243763;0.214051
42892;0.289103;0.243656;0.213279
45022;0.279594;0.242738;0.213439
47258;0.26904;0.24203;0.212626
49605;0.258117;0.242096;0.212424
52069;0.244795;0.241511;0.212443
54656;0.230992;0.241111;0.227059
57372;0.349419;0.261439;0.224392
60223;0.344652;0.257477;0.222619
63216;0.338388;0.254513;0.22064
66358;0.332087;0.251279;0.218979
69657;0.324977;0.250543;0.217774
73120;0.316749;0.249172;0.216899
76756;0.309343;0.247919;0.215652
80573;0.30035;0.24661;0.2145
84580;0.292223;0.245883;0.214141
88787;0.282711;0.244719;0.214181
93204;0.272012;0.243728;0.21374
97841;0.261144;0.243259;0.213382
102709;0.249027;0.242973;0.213938
107820;0.235116;0.242258;0.225975
113186;0.219951;0.241376;0.223653
118820;0.347518;0.257627;0.221911
124735;0.341332;0.254897;0.220728
130945;0.335214;0.252079;0.219436
137465;0.327622;0.250629;0.218151
144311;0.320716;0.249135;0.217165
151499;0.313219;0.24772;0.216504
159046;0.304476;0.246615;0.215335
166970;0.294745;0.245632;0.214669
175290;0.285092;0.245112;0.213965
184026;0.274714;0.243965;0.213359
193198;0.263394;0.243224;0.213258
202828;0.250918;0.242856;0.21246
212939;0.238014;0.241937;0.21233
223555;0.223612;0.241529;0.22497
234701;0.34917;0.259515;0.222958
246404;0.343012;0.255549;0.221096
258692;0.336832;0.252567;0.219675
271594;0.329965;0.250909;0.218437
285141;0.322767;0.249617;0.217606
299365;0.315528;0.248209;0.21656
314300;0.307021;0.246983;0.215379
329981;0.298244;0.245987;0.214495
346446;0.288928;0.245149;0.214144
363734;0.278867;0.244389;0.213485
381886;0.267537;0.243229;0.213006
400945;0.255155;0.242356;0.212657
420956;0.241967;0.241948;0.212371
441967;0.227519;0.241885;0.225355
464028;0.350225;0.259027;0.223367
487192;0.344716;0.255289;0.221724
511514;0.338186;0.252699;0.220063
537052;0.331807;0.250829;0.218746
563866;0.324742;0.249405;0.217595
592020;0.316686;0.248223;0.216631
621581;0.308922;0.247022;0.215747
652620;0.300259;0.246385;0.215016
685210;0.290832;0.245394;0.214261
719429;0.280804;0.24457;0.213571
755358;0.269832;0.243712;0.213096
793083;0.258255;0.242965;0.212592
832694;0.244939;0.242357;0.212552
874285;0.230851;0.241866;0.22584
917955;0.351989;0.259418;0.223645
963808;0.346065;0.255965;0.221872
1011953;0.340467;0.25344;0.220342
1062505;0.33362;0.251356;0.219093
1115584;0.326503;0.249987;0.217856
1171316;0.318722;0.248562;0.216847
1229834;0.31086;0.247489;0.215857
1291277;0.302263;0.246601;0.215319
1355792;0.292702;0.245665;0.214423
1423532;0.283006;0.244923;0.213918
1494659;0.272226;0.24399;0.21313
1569342;0.260553;0.243095;0.212586
1647759;0.247911;0.242457;0.212234
1730096;0.233988;0.241971;0.226437
1816549;0.219362;0.241511;0.224358
1907324;0.347639;0.256346;0.222309
2002637;0.341483;0.253933;0.221203
2102715;0.335012;0.251769;0.219667
2207796;0.327906;0.250083;0.218367
2318131;0.320859;0.249114;0.217797
2433982;0.313149;0.248104;0.216373
2555625;0.304328;0.247029;0.215928
2683350;0.295727;0.245907;0.214665
2817461;0.285667;0.245045;0.214286
2958277;0.275237;0.244273;0.213895
3106133;0.263577;0.243621;0.213794
3261381;0.251498;0.242857;0.213091
3424391;0.237737;0.242355;0.212831
3595551;0.222906;0.241758;0.224966
3775269;0.349261;0.257751;0.223617
3963972;0.343058;0.25399;0.222584
4162110;0.336779;0.251813;0.22109
4370154;0.329439;0.250079;0.219103
4588600;0.322239;0.248833;0.218185
4817968;0.314531;0.247831;0.216682
5058804;0.30586;0.246112;0.216894
5311681;0.297364;0.245904;0.215808
5577201;0.287435;0.244468;0.21441
5855997;0.276874;0.244089;0.21448
6148732;0.2661;0.243616;0.213936
6456103;0.253158;0.242797;0.214834
6778842;0.240564;0.242246;0.214358
7117717;0.225438;0.241432;0.229265
7473535;0.35048;0.258954;0.22689
7847143;0.344554;0.255198;0.223908
8239431;0.338316;0.253192;0.223165
8651333;0.331928;0.250673;0.22228
9083830;0.324466;0.249247;0.22108
9537951;0.316798;0.247914;0.219304
