cset: --> last message, executed args into cpuset "/user", new pid is: 2703771
Scattered successful lookup:
absl::flat_hash_map;foa_unordered_rc16_map;foa_unordered_rc15_map
10000;0.125361;0.0957539;0.106015
10500;0.131175;0.0974999;0.105512
11025;0.129079;0.101322;0.10839
11576;0.123409;0.0962015;0.105409
12154;0.123883;0.095254;0.104261
12760;0.139231;0.0999494;0.110424
13396;0.147692;0.0972827;0.110444
14063;0.155926;0.100803;0.111089
14763;0.126221;0.100358;0.109493
15498;0.125195;0.0999366;0.109149
16269;0.125593;0.101591;0.110196
17078;0.128491;0.100931;0.109459
17927;0.132082;0.101288;0.11124
18818;0.131427;0.10209;0.113827
19753;0.136526;0.102341;0.110176
20734;0.137026;0.102931;0.111113
21764;0.132817;0.103623;0.111418
22845;0.136256;0.104877;0.112283
23980;0.138582;0.104551;0.113079
25171;0.152099;0.106726;0.113385
26421;0.150361;0.110177;0.11909
27733;0.169523;0.118111;0.116628
29110;0.137102;0.108343;0.116892
30555;0.134623;0.108955;0.116838
32072;0.134587;0.108806;0.116447
33664;0.13498;0.109181;0.116912
35335;0.136158;0.109444;0.117014
37089;0.136454;0.109449;0.117225
38930;0.137606;0.109606;0.117396
40863;0.142164;0.10992;0.117534
42892;0.140554;0.111237;0.11783
45022;0.143995;0.112817;0.118435
47258;0.152103;0.11569;0.119356
49605;0.152421;0.119245;0.126691
52069;0.159026;0.129434;0.131218
54656;0.166452;0.128935;0.128523
57372;0.150422;0.120335;0.130326
60223;0.1486;0.121365;0.130863
63216;0.147802;0.121454;0.131089
66358;0.149769;0.121476;0.13181
69657;0.150021;0.121981;0.130931
73120;0.150405;0.121642;0.130819
76756;0.150407;0.123497;0.131477
80573;0.154644;0.125522;0.13132
84580;0.154808;0.126421;0.131026
88787;0.159335;0.127686;0.132105
93204;0.160812;0.129566;0.13452
97841;0.175111;0.13277;0.138251
102709;0.170905;0.141857;0.143858
107820;0.176887;0.138793;0.142297
113186;0.187594;0.152646;0.142509
118820;0.159904;0.1293;0.142907
124735;0.161036;0.129894;0.143026
130945;0.161084;0.130497;0.14335
137465;0.161758;0.132241;0.14371
144311;0.16333;0.133674;0.143526
151499;0.164225;0.135043;0.14477
159046;0.170736;0.13588;0.144458
166970;0.166939;0.136965;0.145495
175290;0.170149;0.138395;0.147203
184026;0.174648;0.140241;0.149286
193198;0.176068;0.142272;0.151837
202828;0.185663;0.14523;0.156505
212939;0.187787;0.156349;0.162923
223555;0.196208;0.162757;0.157419
234701;0.178565;0.150042;0.157306
246404;0.184879;0.149268;0.157773
258692;0.183247;0.148802;0.157078
271594;0.182876;0.149801;0.157946
285141;0.185964;0.151873;0.158229
299365;0.184805;0.151123;0.159587
314300;0.187333;0.155321;0.160356
329981;0.189262;0.153936;0.160161
346446;0.193405;0.155536;0.162187
363734;0.191947;0.157098;0.163237
381886;0.195242;0.165406;0.16545
400945;0.200506;0.161383;0.169339
420956;0.204607;0.164599;0.175325
441967;0.220891;0.169994;0.228424
464028;0.365342;0.282342;0.232596
487192;0.361303;0.282621;0.232149
511514;0.359191;0.279398;0.231814
537052;0.366148;0.279417;0.232267
563866;0.364104;0.280187;0.231711
592020;0.367199;0.278401;0.23307
621581;0.36543;0.276949;0.230705
652620;0.367522;0.277048;0.228907
685210;0.371457;0.276117;0.227446
719429;0.372657;0.272882;0.229377
755358;0.373946;0.271227;0.227281
793083;0.372721;0.276509;0.228109
832694;0.382867;0.27978;0.232648
874285;0.387983;0.284269;0.395433
917955;0.533374;0.452035;0.38533
963808;0.534394;0.452126;0.384304
1011953;0.533669;0.452662;0.395168
1062505;0.534125;0.451084;0.393592
1115584;0.534345;0.450363;0.383276
1171316;0.535268;0.450665;0.39399
1229834;0.536751;0.440363;0.393014
1291277;0.538457;0.451219;0.381368
1355792;0.539819;0.452252;0.395916
1423532;0.543021;0.453451;0.397408
1494659;0.54582;0.453007;0.397583
1569342;0.548914;0.458229;0.401945
1647759;0.553694;0.459273;0.405678
1730096;0.562092;0.464004;0.525866
1816549;0.572428;0.474755;0.524717
1907324;0.613379;0.559436;0.531533
2002637;0.613484;0.558916;0.53204
2102715;0.612884;0.553463;0.533611
2207796;0.61413;0.559581;0.526873
2318131;0.616191;0.561799;0.533315
2433982;0.617386;0.556385;0.534274
2555625;0.618388;0.562598;0.529685
2683350;0.621616;0.560491;0.53263
2817461;0.624065;0.565181;0.53515
2958277;0.62878;0.562323;0.543336
3106133;0.633887;0.567856;0.548761
3261381;0.639678;0.576205;0.551997
3424391;0.647723;0.581479;0.560847
3595551;0.661813;0.594896;0.689026
3775269;0.749745;0.687282;0.693015
3963972;0.752037;0.684506;0.691967
4162110;0.75219;0.689882;0.693471
4370154;0.753238;0.685953;0.690645
4588600;0.754833;0.688717;0.694566
4817968;0.757298;0.692958;0.696183
5058804;0.758484;0.695969;0.696223
5311681;0.760606;0.693212;0.700923
5577201;0.763045;0.699129;0.700486
5855997;0.769075;0.70258;0.705835
6148732;0.775275;0.707053;0.709034
6456103;0.781002;0.712712;0.711367
6778842;0.786676;0.715286;0.72247
7117717;0.800674;0.730395;0.827643
7473535;0.875023;0.805054;0.828837
7847143;0.876077;0.808297;0.828714
8239431;0.876158;0.809683;0.829889
8651333;0.877625;0.809332;0.829642
9083830;0.878835;0.812557;0.829665
9537951;0.879918;0.813567;0.830337
Scattered unsuccessful lookup:
absl::flat_hash_map;foa_unordered_rc16_map;foa_unordered_rc15_map
10000;0.1035;0.0614509;0.0705961
10500;0.111707;0.0624156;0.0697538
11025;0.122302;0.0652609;0.069275
11576;0.143367;0.073499;0.0698332
12154;0.17032;0.0885298;0.0713316
12760;0.205508;0.112047;0.0746893
13396;0.252926;0.152155;0.0882137
14063;0.305599;0.204186;0.0705439
14763;0.0952103;0.0630058;0.0708624
15498;0.0962244;0.0627178;0.0707938
16269;0.0975551;0.0633819;0.0708464
17078;0.100142;0.0633012;0.0711322
17927;0.102749;0.0636386;0.0713101
18818;0.10691;0.0636634;0.0714695
19753;0.112639;0.0670384;0.0718231
20734;0.121301;0.0708635;0.0720849
21764;0.133089;0.0806374;0.0728851
22845;0.149867;0.0915161;0.0731217
23980;0.171589;0.104222;0.0766331
25171;0.198254;0.120633;0.0866824
26421;0.241577;0.154774;0.1028
27733;0.286556;0.19603;0.072467
29110;0.100585;0.0665332;0.0725639
30555;0.101826;0.0666307;0.0727722
32072;0.103474;0.0669278;0.0730014
33664;0.105433;0.0676131;0.0733345
35335;0.108788;0.0687971;0.0735677
37089;0.113377;0.0706846;0.0749093
38930;0.122742;0.0743986;0.0743014
40863;0.130337;0.0796712;0.0764706
42892;0.139305;0.0854249;0.0774161
45022;0.153019;0.0934923;0.0782753
47258;0.16834;0.10564;0.0925039
49605;0.196472;0.12358;0.0966536
52069;0.236494;0.148011;0.105554
54656;0.291306;0.209089;0.0738125
57372;0.104691;0.074065;0.0849277
60223;0.109412;0.0702357;0.0852005
63216;0.108184;0.0793541;0.0840578
66358;0.114418;0.0724144;0.0753814
69657;0.11303;0.0736273;0.0865793
73120;0.116406;0.0760235;0.0754837
76756;0.123617;0.0789429;0.0770733
80573;0.129193;0.0819205;0.0771682
84580;0.139533;0.0867867;0.079404
88787;0.152342;0.093382;0.0810827
93204;0.1709;0.102766;0.093917
97841;0.195485;0.126201;0.100011
102709;0.22711;0.138252;0.105439
107820;0.27966;0.172778;0.0903347
113186;0.334617;0.227704;0.0765917
118820;0.119921;0.0797324;0.0870756
124735;0.114315;0.0799298;0.086854
130945;0.12296;0.0819562;0.0878137
137465;0.119487;0.0907928;0.0793478
144311;0.122625;0.0814759;0.0886362
151499;0.129512;0.0881272;0.0798336
159046;0.135045;0.0935732;0.0914535
166970;0.142728;0.0886752;0.091187
175290;0.160836;0.0947051;0.0843038
184026;0.166322;0.103584;0.0979382
193198;0.191164;0.122806;0.102482
202828;0.222869;0.147104;0.109156
212939;0.261709;0.181967;0.123339
223555;0.328125;0.235565;0.0838021
234701;0.130238;0.092231;0.0873724
246404;0.122588;0.089548;0.0850626
258692;0.125601;0.0925631;0.0846793
271594;0.136824;0.0950257;0.0888038
285141;0.14158;0.0922847;0.0897968
299365;0.135676;0.094684;0.0870412
314300;0.152264;0.0924543;0.0874272
329981;0.150059;0.102846;0.0890059
346446;0.164987;0.101803;0.0914575
363734;0.178913;0.11909;0.102606
381886;0.196747;0.126338;0.0994363
400945;0.229053;0.155447;0.105703
420956;0.266829;0.184647;0.119857
441967;0.321093;0.222711;0.0919817
464028;0.145313;0.0969697;0.0924481
487192;0.137167;0.0932688;0.0929506
511514;0.142791;0.0949159;0.0945694
537052;0.151977;0.0974174;0.0952543
563866;0.154826;0.0998861;0.0964436
592020;0.154643;0.107821;0.0973997
621581;0.169178;0.108913;0.0993075
652620;0.176669;0.114959;0.101564
685210;0.177485;0.127382;0.104417
719429;0.204208;0.132755;0.108281
755358;0.217825;0.14679;0.112628
793083;0.24435;0.166037;0.12241
832694;0.29369;0.196384;0.135922
874285;0.355715;0.271563;0.111846
917955;0.149908;0.113027;0.105148
963808;0.161326;0.120002;0.108374
1011953;0.166213;0.11875;0.10865
1062505;0.170621;0.119808;0.108671
1115584;0.169404;0.125774;0.111344
1171316;0.171093;0.13024;0.114552
1229834;0.180321;0.135541;0.116915
1291277;0.186563;0.143021;0.119234
1355792;0.209124;0.151121;0.122607
1423532;0.213962;0.164308;0.12522
1494659;0.238677;0.17842;0.131986
1569342;0.270242;0.19735;0.144891
1647759;0.308675;0.241896;0.15394
1730096;0.389797;0.291083;0.113215
1816549;0.476307;0.387835;0.114149
1907324;0.161986;0.13498;0.115398
2002637;0.173398;0.138668;0.116937
2102715;0.16887;0.143412;0.118511
2207796;0.173994;0.148616;0.12031
2318131;0.179743;0.153933;0.122889
2433982;0.18791;0.160336;0.126111
2555625;0.201635;0.167963;0.129169
2683350;0.212125;0.177497;0.140423
2817461;0.237997;0.189859;0.139672
2958277;0.26157;0.205768;0.148383
3106133;0.292864;0.227112;0.159247
3261381;0.3376;0.257035;0.174477
3424391;0.399266;0.308432;0.198547
3595551;0.510372;0.390189;0.13875
3775269;0.195238;0.162648;0.145206
3963972;0.204465;0.168831;0.141975
4162110;0.199522;0.171393;0.142814
4370154;0.20041;0.173726;0.144608
4588600;0.208479;0.179429;0.149374
4817968;0.215786;0.185268;0.151236
5058804;0.234685;0.189173;0.155699
5311681;0.237279;0.200544;0.158734
5577201;0.254428;0.210753;0.166006
5855997;0.279891;0.224861;0.177376
6148732;0.302638;0.249032;0.181237
6456103;0.348876;0.287122;0.192605
6778842;0.412453;0.323579;0.211586
7117717;0.513852;0.415346;0.2522
7473535;0.329126;0.27073;0.253816
7847143;0.332739;0.272557;0.255266
8239431;0.343797;0.278238;0.25954
8651333;0.341911;0.283113;0.258498
9083830;0.352787;0.288865;0.263627
9537951;0.359564;0.2904;0.264197
