cset: --> last message, executed args into cpuset "/user", new pid is: 1965801
No-rehash running insertion:
absl::flat_hash_set;foa_unordered_rc16_set;foa_unordered_rc15_set
10000;0.0947701;0.0926336;0.0967021
10500;0.0953772;0.0933044;0.0969291
11025;0.0958981;0.0938337;0.0972617
11576;0.0966593;0.0944579;0.0978465
12154;0.0972415;0.0955157;0.0985866
12760;0.0982276;0.0968367;0.0999063
13396;0.099565;0.0984227;0.10222
14063;0.101818;0.101624;0.0986797
14763;0.0981287;0.0956124;0.0982214
15498;0.0977826;0.0954482;0.0978962
16269;0.0979619;0.0953164;0.0976508
17078;0.0981318;0.0951193;0.0974589
17927;0.0985325;0.095244;0.0974405
18818;0.0988573;0.0954206;0.0975074
19753;0.0993333;0.0956953;0.0976622
20734;0.0998232;0.0962057;0.0979562
21764;0.100426;0.0966859;0.0984619
22845;0.101118;0.0974536;0.0990801
23980;0.101908;0.0985156;0.100162
25171;0.103254;0.100417;0.102231
26421;0.105047;0.103433;0.1062
27733;0.107754;0.108418;0.102542
29110;0.102354;0.100935;0.102299
30555;0.102629;0.100869;0.102092
32072;0.102863;0.100894;0.101865
33664;0.102989;0.100868;0.10181
35335;0.103269;0.101093;0.101982
37089;0.103628;0.101335;0.102117
38930;0.103927;0.101616;0.102248
40863;0.104436;0.102109;0.102652
42892;0.105029;0.102628;0.103077
45022;0.105808;0.103344;0.103853
47258;0.106681;0.104479;0.104999
49605;0.108142;0.106077;0.107274
52069;0.110354;0.109025;0.112054
54656;0.114165;0.114054;0.110868
57372;0.109443;0.111244;0.109959
60223;0.109668;0.111148;0.109735
63216;0.110005;0.111188;0.109682
66358;0.110299;0.11119;0.109618
69657;0.110601;0.111419;0.109685
73120;0.110976;0.111624;0.109819
76756;0.111327;0.111915;0.110098
80573;0.111822;0.112579;0.11057
84580;0.112451;0.113272;0.111271
88787;0.113162;0.114359;0.11242
93204;0.114079;0.115744;0.114037
97841;0.115566;0.117846;0.1171
102709;0.118023;0.120846;0.121759
107820;0.122128;0.12551;0.122488
113186;0.127691;0.132478;0.121308
118820;0.125031;0.126952;0.121182
124735;0.125266;0.126997;0.12109
130945;0.125578;0.127126;0.121061
137465;0.125875;0.127357;0.121148
144311;0.126233;0.127713;0.121327
151499;0.126673;0.128062;0.121639
159046;0.127157;0.128679;0.122126
166970;0.127791;0.129532;0.123034
175290;0.128529;0.130652;0.124381
184026;0.129555;0.132119;0.1263
193198;0.131064;0.134105;0.12914
202828;0.13333;0.136935;0.133398
212939;0.136737;0.141076;0.139814
223555;0.141857;0.147865;0.129328
234701;0.138581;0.139524;0.129063
246404;0.138731;0.139492;0.12888
258692;0.138914;0.139614;0.128843
271594;0.139385;0.139708;0.12883
285141;0.139684;0.139968;0.128938
299365;0.140031;0.140315;0.129209
314300;0.141133;0.140819;0.130557
329981;0.141721;0.141426;0.131316
346446;0.142552;0.142302;0.132454
363734;0.143644;0.143588;0.13425
381886;0.14518;0.145379;0.136792
400945;0.147253;0.147999;0.140692
420956;0.150457;0.151918;0.146867
441967;0.155088;0.157734;0.137383
464028;0.154787;0.150678;0.137112
487192;0.155267;0.150717;0.136997
511514;0.155472;0.150718;0.136926
537052;0.155873;0.150893;0.136966
563866;0.156102;0.151088;0.137025
592020;0.15649;0.151323;0.137279
621581;0.15693;0.151681;0.137654
652620;0.157429;0.152236;0.138396
685210;0.158167;0.153072;0.139477
719429;0.159179;0.154338;0.141127
755358;0.160447;0.15606;0.143481
793083;0.162161;0.158428;0.147046
832694;0.164827;0.161973;0.152417
874285;0.168764;0.167261;0.255377
917955;0.237679;0.27477;0.252982
963808;0.237991;0.274691;0.253092
1011953;0.238324;0.27465;0.253113
1062505;0.238716;0.274677;0.253163
1115584;0.238967;0.274644;0.253298
1171316;0.239507;0.27484;0.253486
1229834;0.239725;0.275051;0.253901
1291277;0.240317;0.275545;0.254434
1355792;0.241009;0.276179;0.255194
1423532;0.24165;0.277223;0.256133
1494659;0.242628;0.278508;0.257661
1569342;0.243948;0.280063;0.259919
1647759;0.245852;0.282525;0.263327
1730096;0.248713;0.28618;0.380216
1816549;0.253539;0.291717;0.380276
1907324;0.366349;0.417047;0.380439
2002637;0.364292;0.416214;0.380762
2102715;0.361991;0.414459;0.381324
2207796;0.360528;0.413447;0.382073
2318131;0.359801;0.412646;0.382993
2433982;0.358185;0.412325;0.384267
2555625;0.356499;0.412637;0.385921
2683350;0.355976;0.413023;0.387827
2817461;0.354855;0.415006;0.390398
2958277;0.354411;0.41748;0.393517
3106133;0.35438;0.420737;0.397511
3261381;0.35507;0.425221;0.402146
3424391;0.356099;0.430241;0.407508
3595551;0.359479;0.436175;0.501268
3775269;0.515197;0.525367;0.500289
3963972;0.51383;0.523991;0.499349
4162110;0.512523;0.523138;0.49896
4370154;0.510834;0.523117;0.498855
4588600;0.510117;0.522978;0.498843
4817968;0.508573;0.523351;0.499391
5058804;0.507498;0.525439;0.500544
5311681;0.506745;0.527273;0.501896
5577201;0.506215;0.529963;0.503973
5855997;0.506896;0.533634;0.507063
6148732;0.507227;0.538156;0.51121
6456103;0.507112;0.543494;0.516064
6778842;0.50838;0.550332;0.522828
7117717;0.509857;0.558174;0.566136
7473535;0.661189;0.63504;0.564678
7847143;0.659578;0.633295;0.563573
8239431;0.658498;0.632087;0.562702
8651333;0.657453;0.63136;0.56213
9083830;0.656234;0.631167;0.561728
9537951;0.655552;0.631253;0.561816
Running insertion:
absl::flat_hash_set;foa_unordered_rc16_set;foa_unordered_rc15_set
10000;0.251172;0.238018;0.229723
10500;0.235992;0.231449;0.224047
11025;0.232694;0.225675;0.218914
11576;0.234428;0.221477;0.215653
12154;0.230128;0.217063;0.212329
12760;0.225217;0.213862;0.210453
13396;0.222466;0.21151;0.211187
14063;0.223229;0.212308;0.299642
14763;0.313973;0.302024;0.289655
15498;0.302372;0.292059;0.280426
16269;0.290339;0.283079;0.271599
17078;0.280862;0.273859;0.263213
17927;0.273286;0.265522;0.255671
18818;0.268877;0.257851;0.248273
19753;0.262668;0.250325;0.24153
20734;0.25745;0.243581;0.235972
21764;0.251996;0.237418;0.230702
22845;0.248972;0.2324;0.226413
23980;0.246489;0.22808;0.223273
25171;0.242232;0.224997;0.221325
26421;0.239585;0.223368;0.221821
27733;0.238083;0.224151;0.313019
29110;0.322875;0.314719;0.303267
30555;0.313095;0.304802;0.293669
32072;0.30371;0.295137;0.284175
33664;0.2949;0.286058;0.275907
35335;0.285867;0.277622;0.267865
37089;0.278391;0.269689;0.260124
38930;0.269966;0.261989;0.252808
40863;0.26317;0.255095;0.246335
42892;0.256096;0.248405;0.240573
45022;0.250194;0.242502;0.235136
47258;0.244593;0.237479;0.230977
49605;0.240118;0.233136;0.228188
52069;0.236902;0.230595;0.227589
54656;0.234891;0.23017;0.321545
57372;0.320508;0.327039;0.311601
60223;0.311963;0.317356;0.302239
63216;0.300409;0.307573;0.293412
66358;0.292338;0.298607;0.284175
69657;0.285854;0.290056;0.276506
73120;0.276005;0.28121;0.268736
76756;0.269196;0.273716;0.261483
80573;0.261935;0.266217;0.254936
84580;0.255844;0.259601;0.249037
88787;0.249854;0.25387;0.244049
93204;0.244519;0.248834;0.240002
97841;0.241423;0.244761;0.237217
102709;0.238229;0.24176;0.236251
107820;0.237234;0.240878;0.33462
113186;0.237268;0.24275;0.324458
118820;0.31665;0.330477;0.314829
124735;0.307881;0.320521;0.30569
130945;0.299779;0.311383;0.29677
137465;0.291858;0.303067;0.288599
144311;0.284557;0.295068;0.280999
151499;0.277554;0.287593;0.273824
159046;0.271199;0.28066;0.26716
166970;0.264962;0.274348;0.261544
175290;0.259524;0.268749;0.256315
184026;0.25439;0.263833;0.252038
193198;0.250249;0.259583;0.248859
202828;0.246487;0.256566;0.247611
212939;0.244847;0.255225;0.248563
223555;0.244691;0.256459;0.337882
234701;0.330867;0.345626;0.327863
246404;0.322683;0.335748;0.31829
258692;0.314655;0.326363;0.309382
271594;0.306754;0.317661;0.300773
285141;0.299084;0.309377;0.292623
299365;0.292119;0.301648;0.285381
314300;0.285483;0.29444;0.278279
329981;0.279539;0.287932;0.272267
346446;0.273638;0.282003;0.266898
363734;0.268888;0.276495;0.262233
381886;0.26491;0.272063;0.258797
400945;0.261021;0.268741;0.256803
420956;0.258471;0.266918;0.25735
441967;0.257728;0.267408;0.353814
464028;0.375504;0.367327;0.344284
487192;0.370329;0.358644;0.335086
511514;0.364558;0.349986;0.326404
537052;0.358262;0.341785;0.317921
563866;0.351487;0.333721;0.309768
592020;0.344621;0.325765;0.302023
621581;0.337821;0.318214;0.294863
652620;0.330843;0.311282;0.288171
685210;0.324269;0.304745;0.282204
719429;0.31786;0.29903;0.277163
755358;0.31243;0.293995;0.273084
793083;0.307452;0.289963;0.270524
832694;0.303495;0.287432;0.270079
874285;0.301179;0.286953;0.377517
917955;0.400268;0.392118;0.375623
963808;0.398671;0.391663;0.371741
1011953;0.39341;0.387913;0.367387
1062505;0.387218;0.383515;0.362959
1115584;0.381132;0.378809;0.358408
1171316;0.375106;0.374164;0.354124
1229834;0.36967;0.369666;0.350081
1291277;0.364042;0.365334;0.346502
1355792;0.359027;0.361505;0.342751
1423532;0.354295;0.358046;0.340283
1494659;0.349961;0.355433;0.338299
1569342;0.346212;0.353443;0.337065
1647759;0.343119;0.352575;0.3372
1730096;0.341476;0.353267;0.511094
1816549;0.34121;0.353667;0.507526
1907324;0.487131;0.490299;0.502277
2002637;0.481201;0.486231;0.496943
2102715;0.473857;0.481351;0.491134
2207796;0.467498;0.477427;0.486844
2318131;0.460944;0.472032;0.482663
2433982;0.454188;0.468817;0.479436
2555625;0.448976;0.467259;0.476823
2683350;0.444139;0.466213;0.474223
2817461;0.439027;0.465347;0.472995
2958277;0.434639;0.464197;0.471763
3106133;0.430686;0.465653;0.471324
3261381;0.427827;0.467162;0.472858
3424391;0.425454;0.470529;0.47461
3595551;0.425184;0.473213;0.609861
3775269;0.58034;0.614609;0.604762
3963972;0.5768;0.610049;0.598212
4162110;0.572183;0.604366;0.593234
4370154;0.568144;0.600588;0.588686
4588600;0.563873;0.596779;0.58448
4817968;0.560531;0.594027;0.58111
5058804;0.556969;0.591584;0.578071
5311681;0.55452;0.590706;0.575714
5577201;0.550983;0.589565;0.574176
5855997;0.549127;0.590168;0.573665
6148732;0.547865;0.592516;0.575077
6456103;0.547218;0.594985;0.577408
6778842;0.545638;0.599458;0.580488
7117717;0.544888;0.605217;0.719394
7473535;0.691545;0.74549;0.710217
7847143;0.689893;0.738665;0.702487
8239431;0.687348;0.732548;0.695316
8651333;0.685227;0.727049;0.687941
9083830;0.683;0.722002;0.681732
9537951;0.681775;0.718377;0.676434
