cset: --> last message, executed args into cpuset "/user", new pid is: 3567168
Running erasure:
absl::flat_hash_map;foa_unordered_rc16_map;foa_unordered_rc15_map
10000;0.192684;0.216846;0.223427
10500;0.18742;0.216387;0.224634
11025;0.183057;0.217587;0.224239
11576;0.177664;0.21748;0.22327
12154;0.172321;0.217287;0.224317
12760;0.166065;0.216873;0.223956
13396;0.158085;0.216324;0.223461
14063;0.147265;0.216198;0.241088
14763;0.229941;0.234932;0.238387
15498;0.225792;0.233241;0.237869
16269;0.223526;0.232778;0.236904
17078;0.220388;0.230988;0.235671
17927;0.216227;0.231061;0.235015
18818;0.213187;0.230514;0.234032
19753;0.208555;0.229263;0.23354
20734;0.204361;0.228187;0.232684
21764;0.199493;0.227475;0.231862
22845;0.194239;0.2262;0.23085
23980;0.1884;0.225934;0.230245
25171;0.18083;0.224592;0.229466
26421;0.1732;0.224115;0.228774
27733;0.166071;0.223638;0.244844
29110;0.241916;0.238251;0.241954
30555;0.237042;0.236962;0.240533
32072;0.233632;0.235602;0.23913
33664;0.230036;0.234614;0.237804
35335;0.224995;0.233324;0.236867
37089;0.220389;0.231995;0.235489
38930;0.215535;0.230604;0.234744
40863;0.20999;0.229407;0.233471
42892;0.2055;0.228555;0.233025
45022;0.199534;0.22801;0.231937
47258;0.193261;0.227133;0.231425
49605;0.186508;0.226007;0.230631
52069;0.179236;0.225153;0.229893
54656;0.17095;0.224354;0.243778
57372;0.247258;0.23973;0.242497
60223;0.243673;0.238092;0.24093
63216;0.239125;0.23654;0.239456
66358;0.234874;0.235387;0.238187
69657;0.230184;0.234059;0.237252
73120;0.225522;0.232803;0.236169
76756;0.22026;0.231888;0.235074
80573;0.215301;0.231058;0.234245
84580;0.209917;0.229674;0.233259
88787;0.203551;0.228826;0.232376
93204;0.196795;0.227819;0.231532
97841;0.189827;0.227218;0.230832
102709;0.182844;0.226183;0.230208
107820;0.173906;0.224838;0.244603
113186;0.163595;0.223978;0.242631
118820;0.245965;0.238665;0.241268
124735;0.241762;0.237366;0.239916
130945;0.237898;0.235901;0.238888
137465;0.233412;0.234811;0.237786
144311;0.228318;0.233723;0.236723
151499;0.22286;0.232412;0.235654
159046;0.217331;0.231365;0.234534
166970;0.21138;0.230128;0.23348
175290;0.205523;0.229068;0.232667
184026;0.19911;0.228107;0.231821
193198;0.192782;0.227335;0.231159
202828;0.185115;0.226366;0.230386
212939;0.176926;0.225322;0.229682
223555;0.167059;0.224354;0.243902
234701;0.247807;0.247968;0.242382
246404;0.245311;0.244292;0.241018
258692;0.241041;0.241016;0.239621
271594;0.235651;0.238384;0.238499
285141;0.23044;0.235719;0.237415
299365;0.225047;0.233687;0.236249
314300;0.219513;0.232168;0.235195
329981;0.213637;0.230948;0.234248
346446;0.207759;0.229812;0.233273
363734;0.201431;0.228882;0.232564
381886;0.194909;0.227776;0.231609
400945;0.187665;0.227043;0.230783
420956;0.179721;0.22578;0.23018
441967;0.17057;0.224812;0.246969
464028;0.249154;0.247949;0.24397
487192;0.245232;0.244406;0.242352
511514;0.241108;0.239544;0.24059
537052;0.236588;0.237278;0.23937
563866;0.231432;0.235222;0.237956
592020;0.226368;0.233761;0.236919
621581;0.220886;0.232778;0.235675
652620;0.215297;0.231396;0.234597
685210;0.209267;0.230173;0.23367
719429;0.203134;0.22912;0.232687
755358;0.196681;0.228074;0.231798
793083;0.18944;0.227141;0.231022
832694;0.181682;0.226244;0.230261
874285;0.172452;0.225276;0.247046
917955;0.249411;0.246266;0.244582
963808;0.245967;0.241901;0.243431
1011953;0.241908;0.239352;0.241878
1062505;0.237599;0.237556;0.240416
1115584;0.232663;0.236045;0.23908
1171316;0.227466;0.234562;0.237573
1229834;0.222045;0.233332;0.236349
1291277;0.216317;0.232039;0.235375
1355792;0.210455;0.230737;0.234707
1423532;0.204429;0.229651;0.23376
1494659;0.1979;0.228803;0.232943
1569342;0.191101;0.227486;0.232032
1647759;0.183516;0.226562;0.231014
1730096;0.174521;0.225638;0.246969
1816549;0.163785;0.224609;0.24467
1907324;0.247099;0.24266;0.242661
2002637;0.243184;0.239486;0.241008
2102715;0.238792;0.2377;0.239599
2207796;0.233912;0.235713;0.238304
2318131;0.22872;0.234343;0.237085
2433982;0.223345;0.233246;0.236025
2555625;0.217648;0.23228;0.235422
2683350;0.212028;0.231318;0.234347
2817461;0.206147;0.230267;0.233476
2958277;0.199661;0.229095;0.23265
3106133;0.192766;0.227905;0.231744
3261381;0.18511;0.227391;0.231077
3424391;0.176251;0.226029;0.230405
3595551;0.165826;0.224985;0.24494
3775269;0.248975;0.243146;0.243017
3963972;0.245077;0.239866;0.241334
4162110;0.240702;0.237659;0.239859
4370154;0.235926;0.235882;0.238499
4588600;0.230735;0.234429;0.237304
4817968;0.225213;0.233051;0.236214
5058804;0.219615;0.231876;0.235185
5311681;0.213908;0.230776;0.234212
5577201;0.207847;0.229911;0.233259
5855997;0.201552;0.228678;0.232435
6148732;0.194744;0.227733;0.231616
6456103;0.187256;0.226761;0.230831
6778842;0.178561;0.226191;0.230506
7117717;0.168662;0.225241;0.246098
7473535;0.249671;0.244252;0.243861
7847143;0.24506;0.241106;0.242076
8239431;0.240832;0.238579;0.240506
8651333;0.235656;0.23671;0.239047
9083830;0.230689;0.235092;0.237856
9537951;0.225422;0.233644;0.236692
