cset: --> last message, executed args into cpuset "/user", new pid is: 915359
Scattered successful lookup:
absl::flat_hash_map;ankerl::unordered_dense::map;foa_unordered_rc15_map
10000;0.0474934;0.100525;0.0509342
10500;0.0480812;0.113623;0.051362
11025;0.047822;0.126642;0.0513133
11576;0.0481501;0.140571;0.0515666
12154;0.0481965;0.151716;0.0518929
12760;0.048188;0.161968;0.0523549
13396;0.0490097;0.0553512;0.0540962
14063;0.0500074;0.0601293;0.0524352
14763;0.0509893;0.0644514;0.0528117
15498;0.0508779;0.0719131;0.0531643
16269;0.0509221;0.0784614;0.0536137
17078;0.0508891;0.0874293;0.0539951
17927;0.0509715;0.0970886;0.0545445
18818;0.0510831;0.107482;0.0546113
19753;0.0512371;0.119804;0.0549334
20734;0.0514779;0.132657;0.0552947
21764;0.05163;0.144842;0.0557465
22845;0.051804;0.155642;0.056108
23980;0.0520774;0.167358;0.0567682
25171;0.0524205;0.174243;0.0583721
26421;0.0529736;0.0701799;0.0628231
27733;0.0538502;0.0752539;0.0565696
29110;0.0548645;0.0794646;0.0563705
30555;0.0548972;0.0846272;0.0573473
32072;0.0549561;0.0907279;0.0577425
33664;0.0549736;0.097721;0.0581878
35335;0.0551365;0.106035;0.0583925
37089;0.0553181;0.114488;0.0590187
38930;0.0554901;0.126848;0.0594391
40863;0.0556021;0.138796;0.059317
42892;0.0559516;0.150874;0.0604999
45022;0.056191;0.161354;0.0608965
47258;0.0564964;0.174561;0.0626061
49605;0.0568531;0.185626;0.0651447
52069;0.0576941;0.19752;0.0713327
54656;0.060598;0.0761065;0.0620112
57372;0.06252;0.0797401;0.0622643
60223;0.0612072;0.0854743;0.0627646
63216;0.0613121;0.0911351;0.0635968
66358;0.0614081;0.0977972;0.0633714
69657;0.0615566;0.10542;0.0634606
73120;0.0616673;0.115151;0.0646776
76756;0.0618567;0.125678;0.0646157
80573;0.0621091;0.137965;0.0656328
84580;0.0624296;0.151192;0.0655452
88787;0.0627038;0.164679;0.0664978
93204;0.0631066;0.17692;0.069688
97841;0.0637882;0.189929;0.0733142
102709;0.0654126;0.203179;0.0782422
107820;0.0690942;0.0763487;0.0670592
113186;0.0747061;0.0802041;0.0662838
118820;0.0676483;0.0846287;0.0668728
124735;0.0674524;0.0902489;0.0668344
130945;0.0675372;0.0972235;0.0671889
137465;0.0676351;0.104941;0.0673623
144311;0.0677973;0.11423;0.0684122
151499;0.0679839;0.12527;0.0690381
159046;0.0682328;0.137558;0.0699068
166970;0.0685305;0.151223;0.0704056
175290;0.0689278;0.164497;0.0722156
184026;0.0694513;0.177762;0.0746522
193198;0.0704643;0.191871;0.0779073
202828;0.0722225;0.209692;0.0829141
212939;0.0749746;0.0775043;0.0889207
223555;0.078909;0.0811115;0.0713014
234701;0.07922;0.0853603;0.0706682
246404;0.0792762;0.0905805;0.0711699
258692;0.0794362;0.0965866;0.0716309
271594;0.0794377;0.104798;0.0721972
285141;0.0794752;0.114939;0.0727666
299365;0.0800534;0.12572;0.0734938
314300;0.080218;0.1375;0.0744016
329981;0.0804718;0.151105;0.0757593
346446;0.0808963;0.165056;0.0774288
363734;0.0816695;0.179587;0.0795488
381886;0.0828815;0.193203;0.0823454
400945;0.0845713;0.211081;0.0861488
420956;0.0866526;0.106017;0.0920045
441967;0.0902628;0.110263;0.11519
464028;0.179964;0.11512;0.117445
487192;0.184582;0.120547;0.120222
511514;0.186696;0.129439;0.124774
537052;0.186158;0.134011;0.128303
563866;0.187126;0.145569;0.132194
592020;0.186235;0.153795;0.131294
621581;0.188451;0.166253;0.133775
652620;0.186788;0.176423;0.136072
685210;0.187949;0.191456;0.138347
719429;0.187884;0.203616;0.140787
755358;0.190286;0.218437;0.141597
793083;0.189132;0.231005;0.146657
832694;0.191498;0.251992;0.148873
874285;0.192699;0.181178;0.238625
917955;0.254102;0.185948;0.240283
963808;0.254308;0.19204;0.234203
1011953;0.254158;0.198872;0.237939
1062505;0.254269;0.208182;0.239203
1115584;0.254352;0.218042;0.248087
1171316;0.254723;0.229761;0.249939
1229834;0.254383;0.242023;0.252566
1291277;0.254379;0.255319;0.25465
1355792;0.255199;0.269859;0.256549
1423532;0.255492;0.284158;0.25865
1494659;0.256264;0.300234;0.255517
1569342;0.256636;0.318606;0.26429
1647759;0.258742;0.343;0.268515
1730096;0.261105;0.212214;0.294778
1816549;0.265358;0.216637;0.292437
1907324;0.285273;0.222624;0.293337
2002637;0.28978;0.228988;0.2957
2102715;0.289748;0.237126;0.300739
2207796;0.286223;0.247298;0.302955
2318131;0.291756;0.259433;0.305029
2433982;0.292429;0.27349;0.307181
2555625;0.293134;0.288926;0.299681
2683350;0.290848;0.306033;0.302479
2817461;0.29312;0.325225;0.306049
2958277;0.294453;0.346501;0.308257
3106133;0.2932;0.375954;0.315537
3261381;0.296879;0.425681;0.320131
3424391;0.298067;0.22522;0.324925
3595551;0.30337;0.229698;0.316399
3775269;0.372216;0.234858;0.315982
3963972;0.372014;0.240709;0.318535
4162110;0.371678;0.248584;0.320946
4370154;0.371481;0.257975;0.3231
4588600;0.372182;0.270161;0.325407
4817968;0.372196;0.284267;0.32821
5058804;0.370844;0.300825;0.332449
5311681;0.373266;0.320296;0.335004
5577201;0.372799;0.342133;0.339925
5855997;0.373609;0.367934;0.344687
6148732;0.373777;0.40019;0.349626
6456103;0.375915;0.466392;0.356211
6778842;0.377574;0.234204;0.365524
7117717;0.380982;0.237058;0.336177
7473535;0.442102;0.242125;0.338483
7847143;0.437138;0.248018;0.340767
8239431;0.441852;0.254715;0.343531
8651333;0.442251;0.264127;0.346001
9083830;0.441797;0.276146;0.348072
9537951;0.442291;0.291416;0.350374
Scattered unsuccessful lookup:
absl::flat_hash_map;ankerl::unordered_dense::map;foa_unordered_rc15_map
10000;0.0328557;0.0409603;0.0321649
10500;0.0335796;0.0437429;0.033809
11025;0.0354554;0.0489365;0.0351503
11576;0.0420479;0.0570358;0.0369007
12154;0.0566426;0.0676232;0.0400081
12760;0.0827412;0.0865667;0.0486821
13396;0.118927;0.0298441;0.0680843
14063;0.170076;0.0304054;0.0292037
14763;0.030615;0.0311;0.0294624
15498;0.0310532;0.0317864;0.0299141
16269;0.0314643;0.0336007;0.0302337
17078;0.0321514;0.0344753;0.0305508
17927;0.0330087;0.0359648;0.0308067
18818;0.0340048;0.0381872;0.0317638
19753;0.0351919;0.0411033;0.0325463
20734;0.0374083;0.045432;0.0336012
21764;0.0416316;0.0515071;0.0349162
22845;0.0501317;0.0602595;0.037385
23980;0.0622282;0.0723885;0.0421032
25171;0.0797351;0.0880743;0.0511013
26421;0.106442;0.0354528;0.0696803
27733;0.140426;0.0359764;0.0297436
29110;0.0328326;0.0366379;0.0301228
30555;0.0335384;0.0373781;0.0305008
32072;0.0344217;0.038466;0.0307836
33664;0.0350506;0.0397289;0.0311863
35335;0.0359056;0.0412009;0.031793
37089;0.0373694;0.0429567;0.0325867
38930;0.0388169;0.045575;0.0334722
40863;0.0419284;0.0497525;0.0347373
42892;0.0468103;0.0549355;0.036535
45022;0.0541033;0.0620803;0.0397153
47258;0.0638341;0.0731925;0.0454822
49605;0.078748;0.0876468;0.0528945
52069;0.100463;0.106668;0.0665727
54656;0.13529;0.0397736;0.030548
57372;0.033821;0.0403626;0.0309396
60223;0.0345074;0.0412553;0.0312437
63216;0.0353207;0.0423655;0.0316526
66358;0.0360713;0.0439139;0.0321417
69657;0.0376217;0.0451436;0.0327246
73120;0.0388989;0.0473912;0.0334757
76756;0.0409554;0.0502668;0.0343326
80573;0.0446605;0.0545281;0.0354419
84580;0.049376;0.0600458;0.037148
88787;0.0560871;0.0678784;0.0398399
93204;0.0645651;0.0777411;0.0446023
97841;0.0781915;0.0905316;0.0518823
102709;0.0984665;0.107277;0.0629943
107820;0.131035;0.0414499;0.0324786
113186;0.177378;0.0421945;0.0325492
118820;0.036284;0.0429836;0.0330353
124735;0.036894;0.0438845;0.0333324
130945;0.0381525;0.0453917;0.0340066
137465;0.039327;0.0470777;0.0346073
144311;0.0406791;0.0492666;0.035055
151499;0.0425907;0.0522189;0.0361316
159046;0.0453402;0.0563904;0.0371782
166970;0.0491751;0.0619265;0.038753
175290;0.0551118;0.0693632;0.0413799
184026;0.0627406;0.0793811;0.0451707
193198;0.0746251;0.0912769;0.0517381
202828;0.091988;0.106668;0.0618715
212939;0.119473;0.0418891;0.0792232
223555;0.162504;0.0424791;0.039437
234701;0.0421165;0.0437807;0.0398687
246404;0.0428319;0.0446424;0.0402642
258692;0.0438942;0.0461859;0.0406245
271594;0.0451135;0.0477456;0.0413234
285141;0.0463689;0.0503194;0.0418849
299365;0.0481181;0.053389;0.042751
314300;0.0506852;0.0574483;0.0437776
329981;0.0542211;0.0626441;0.0453923
346446;0.0587953;0.0700202;0.0477113
363734;0.0659292;0.0796427;0.0510618
381886;0.0765481;0.0914191;0.0565685
400945;0.0921176;0.106414;0.064913
420956;0.118116;0.0564259;0.0795491
441967;0.157805;0.0569204;0.0443744
464028;0.0477586;0.0578416;0.0448944
487192;0.0488243;0.0589419;0.0454468
511514;0.0503976;0.0601217;0.0461271
537052;0.052222;0.0620136;0.0469065
563866;0.0545991;0.063896;0.0480467
592020;0.0581481;0.0665808;0.0498065
621581;0.0624285;0.0702145;0.0518287
652620;0.0677519;0.0747262;0.054603
685210;0.074347;0.0812181;0.0579235
719429;0.0836661;0.0894075;0.0631477
755358;0.0959224;0.0997651;0.0698751
793083;0.112095;0.113327;0.0795817
832694;0.135092;0.131542;0.0941593
874285;0.168805;0.141275;0.0543519
917955;0.0673923;0.141574;0.055782
963808;0.0705434;0.140395;0.0578031
1011953;0.0729033;0.143118;0.0595579
1062505;0.0759186;0.143154;0.0612447
1115584;0.0793961;0.145191;0.0632436
1171316;0.0826386;0.148111;0.0654604
1229834;0.0864073;0.148865;0.0674791
1291277;0.0911967;0.150749;0.0688365
1355792;0.0970003;0.156454;0.0737138
1423532;0.105192;0.161349;0.0780951
1494659;0.116551;0.168773;0.0832847
1569342;0.131624;0.181133;0.0921217
1647759;0.153355;0.195887;0.105987
1730096;0.184111;0.194698;0.062172
1816549;0.230177;0.195076;0.0631239
1907324;0.0818784;0.196006;0.0645188
2002637;0.0840699;0.197467;0.0656364
2102715;0.0885462;0.19844;0.0678122
2207796;0.0925193;0.199894;0.0701055
2318131;0.0955196;0.202254;0.072568
2433982;0.10195;0.204852;0.075443
2555625;0.108123;0.208926;0.0790892
2683350;0.114868;0.213904;0.0832462
2817461;0.123084;0.221018;0.0889892
2958277;0.133582;0.230133;0.0958924
3106133;0.147023;0.243144;0.105783
3261381;0.165877;0.26282;0.117709
3424391;0.193459;0.210255;0.137574
3595551;0.234333;0.211501;0.0872425
3775269;0.103775;0.212576;0.0883299
3963972;0.104999;0.214302;0.0904222
4162110;0.10822;0.21656;0.0928475
4370154;0.112222;0.21782;0.0952741
4588600;0.113121;0.219917;0.0952515
4817968;0.11795;0.220223;0.0983872
5058804;0.122288;0.224284;0.100781
5311681;0.127157;0.23394;0.1035
5577201;0.134501;0.236629;0.106808
5855997;0.143333;0.251667;0.113443
6148732;0.156124;0.259494;0.121512
6456103;0.17312;0.283777;0.131104
6778842;0.196916;0.220211;0.148751
7117717;0.237038;0.220984;0.162129
7473535;0.170448;0.221542;0.16461
7847143;0.172662;0.223742;0.165531
8239431;0.16666;0.22602;0.16835
8651333;0.174994;0.228267;0.168917
9083830;0.177838;0.230994;0.171978
9537951;0.180824;0.234739;0.172644
