cset: --> last message, executed args into cpuset "/user", new pid is: 3322356
Scattered successful lookup:
absl::flat_hash_set;foa_unordered_rc16_set;foa_unordered_rc15_set
10000;0.175298;0.187337;0.196804
10500;0.175703;0.188288;0.197402
11025;0.176412;0.188737;0.198717
11576;0.177157;0.190187;0.20037
12154;0.178123;0.19207;0.202495
12760;0.180093;0.194056;0.205318
13396;0.181916;0.196929;0.209823
14063;0.185664;0.200656;0.193551
14763;0.181323;0.187637;0.194396
15498;0.181323;0.187937;0.195082
16269;0.181438;0.187586;0.19482
17078;0.182484;0.187954;0.195085
17927;0.181925;0.189178;0.196341
18818;0.181933;0.188281;0.195594
19753;0.183213;0.189765;0.196274
20734;0.182593;0.189893;0.197133
21764;0.183875;0.191975;0.199577
22845;0.184966;0.193306;0.200171
23980;0.185813;0.19509;0.203299
25171;0.186791;0.195521;0.204468
26421;0.189585;0.197885;0.208472
27733;0.192938;0.202468;0.197718
29110;0.202284;0.188044;0.200666
30555;0.202181;0.189162;0.200419
32072;0.203639;0.19083;0.200618
33664;0.202907;0.191383;0.202408
35335;0.202734;0.192166;0.203849
37089;0.202538;0.192697;0.204068
38930;0.203216;0.193141;0.205527
40863;0.203358;0.193713;0.205553
42892;0.204059;0.194664;0.205865
45022;0.205607;0.196338;0.208129
47258;0.206367;0.197595;0.209108
49605;0.207296;0.199726;0.212224
52069;0.20845;0.202905;0.216874
54656;0.21239;0.207352;0.220019
57372;0.232306;0.208057;0.220486
60223;0.232521;0.208592;0.220602
63216;0.232654;0.209626;0.220329
66358;0.232469;0.211151;0.221816
69657;0.232893;0.211603;0.222196
73120;0.231849;0.212892;0.222552
76756;0.233912;0.214326;0.223997
80573;0.234475;0.21544;0.224726
84580;0.234991;0.216835;0.226971
88787;0.233174;0.217908;0.228141
93204;0.233013;0.220493;0.231372
97841;0.23446;0.222014;0.232548
102709;0.23571;0.225018;0.236764
107820;0.239321;0.229475;0.233975
113186;0.245753;0.236439;0.232816
118820;0.25693;0.22502;0.234493
124735;0.259931;0.226069;0.233728
130945;0.257339;0.226778;0.234251
137465;0.258137;0.226571;0.234132
144311;0.257792;0.228217;0.235107
151499;0.259426;0.229758;0.236907
159046;0.26101;0.229659;0.237965
166970;0.261617;0.233027;0.241099
175290;0.262319;0.234273;0.239993
184026;0.263333;0.233964;0.242266
193198;0.26328;0.238408;0.247403
202828;0.264542;0.240102;0.252934
212939;0.267586;0.243719;0.257042
223555;0.27217;0.24977;0.242465
234701;0.277557;0.23774;0.242074
246404;0.277844;0.238233;0.242305
258692;0.278111;0.239566;0.243759
271594;0.274207;0.240858;0.243807
285141;0.278795;0.2418;0.244548
299365;0.278616;0.242121;0.245395
314300;0.27888;0.243735;0.247139
329981;0.278802;0.245602;0.24898
346446;0.279819;0.247972;0.250812
363734;0.280482;0.24766;0.252242
381886;0.281512;0.252072;0.256296
400945;0.283331;0.254514;0.260404
420956;0.285966;0.259509;0.269328
441967;0.286297;0.265582;0.252506
464028;0.298767;0.240679;0.251998
487192;0.30194;0.234991;0.247962
511514;0.287764;0.238041;0.251109
537052;0.289185;0.235552;0.249706
563866;0.291457;0.238168;0.25038
592020;0.288385;0.245662;0.259883
621581;0.302049;0.249283;0.258117
652620;0.301181;0.248931;0.262254
685210;0.300976;0.246849;0.261929
719429;0.30297;0.252441;0.263913
755358;0.302696;0.253418;0.264945
793083;0.305228;0.259636;0.277588
832694;0.305778;0.259062;0.278086
874285;0.31345;0.256353;0.389531
917955;0.477362;0.411825;0.39913
963808;0.4909;0.409681;0.398387
1011953;0.483464;0.411075;0.404143
1062505;0.486845;0.410157;0.400627
1115584;0.488918;0.384048;0.367215
1171316;0.448644;0.409732;0.399305
1229834;0.486712;0.420201;0.405399
1291277;0.483754;0.412917;0.405767
1355792;0.49535;0.420793;0.405042
1423532;0.491456;0.421769;0.414494
1494659;0.482743;0.422497;0.410885
1569342;0.485396;0.434418;0.42752
1647759;0.494318;0.393216;0.386986
1730096;0.451449;0.442708;0.645227
1816549;0.492273;0.450334;0.666015
1907324;0.763711;0.662471;0.666567
2002637;0.778638;0.664083;0.667166
2102715;0.778447;0.664467;0.667749
2207796;0.779825;0.665237;0.671037
2318131;0.775671;0.667562;0.672281
2433982;0.778826;0.66797;0.672454
2555625;0.77583;0.669258;0.66117
2683350;0.782225;0.655123;0.677579
2817461;0.778799;0.657571;0.668396
2958277;0.782286;0.677508;0.683128
3106133;0.782372;0.665524;0.688875
3261381;0.782516;0.687025;0.686264
3424391;0.784939;0.67824;0.704899
3595551;0.782756;0.70356;0.77908
3775269;1.01522;0.768876;0.772008
3963972;1.03749;0.76359;0.773916
4162110;1.03319;0.764896;0.784029
4370154;1.04036;0.766551;0.785362
4588600;1.03935;0.775508;0.779494
4817968;1.0336;0.777483;0.788531
5058804;1.03645;0.778688;0.783478
5311681;1.02927;0.78245;0.787735
5577201;1.01955;0.785163;0.798917
5855997;1.0436;0.790038;0.804683
6148732;1.03608;0.795058;0.811062
6456103;1.03706;0.802376;0.820624
6778842;1.02459;0.810526;0.827763
7117717;1.04959;0.823124;0.829943
7473535;1.26329;0.814066;0.831179
7847143;1.26229;0.817577;0.829862
8239431;1.25001;0.820042;0.835647
8651333;1.24897;0.821541;0.833739
9083830;1.24913;0.820942;0.838699
9537951;1.24985;0.825895;0.841244
Scattered unsuccessful lookup:
absl::flat_hash_set;foa_unordered_rc16_set;foa_unordered_rc15_set
10000;0.169344;0.188798;0.182612
10500;0.171447;0.191241;0.183278
11025;0.178313;0.199328;0.185709
11576;0.188024;0.209326;0.188249
12154;0.196458;0.223835;0.193995
12760;0.216083;0.248513;0.202458
13396;0.245619;0.279537;0.213749
14063;0.295668;0.326507;0.177724
14763;0.159886;0.17477;0.177979
15498;0.160353;0.175394;0.178339
16269;0.161506;0.176432;0.178493
17078;0.163038;0.177744;0.178854
17927;0.164497;0.180511;0.179389
18818;0.16668;0.182971;0.180475
19753;0.16993;0.186816;0.180981
20734;0.173818;0.191587;0.18246
21764;0.179282;0.197002;0.183898
22845;0.187504;0.205323;0.186577
23980;0.199231;0.218583;0.19038
25171;0.219496;0.236268;0.195877
26421;0.248483;0.261907;0.206063
27733;0.293578;0.310382;0.177516
29110;0.161708;0.173609;0.177437
30555;0.16296;0.174482;0.177656
32072;0.163305;0.175419;0.177951
33664;0.16503;0.177011;0.178175
35335;0.166209;0.178689;0.17869
37089;0.16843;0.181643;0.17935
38930;0.171305;0.184489;0.180238
40863;0.175452;0.188997;0.181214
42892;0.180465;0.194403;0.182965
45022;0.187597;0.203496;0.186187
47258;0.198177;0.214315;0.189281
49605;0.215111;0.230987;0.194012
52069;0.243442;0.25828;0.202689
54656;0.285882;0.299828;0.177491
57372;0.162755;0.174464;0.177235
60223;0.163661;0.175536;0.17772
63216;0.164574;0.176469;0.178011
66358;0.165626;0.17768;0.178369
69657;0.167231;0.179228;0.178864
73120;0.169018;0.181347;0.179412
76756;0.171657;0.184592;0.180363
80573;0.175245;0.188831;0.181549
84580;0.179876;0.194592;0.183349
88787;0.187282;0.202542;0.185429
93204;0.197765;0.21392;0.188589
97841;0.213689;0.229788;0.193826
102709;0.237868;0.257166;0.201682
107820;0.275666;0.29383;0.179769
113186;0.331807;0.349036;0.179898
118820;0.166711;0.179317;0.180302
124735;0.16737;0.180526;0.180701
130945;0.168507;0.182009;0.181158
137465;0.170079;0.183762;0.181766
144311;0.171869;0.186159;0.182452
151499;0.1744;0.18965;0.183412
159046;0.177718;0.194104;0.184487
166970;0.182568;0.199508;0.186115
175290;0.188944;0.207132;0.188146
184026;0.198345;0.217888;0.191233
193198;0.212934;0.23366;0.196333
202828;0.235256;0.257785;0.204594
212939;0.268354;0.294282;0.218903
223555;0.32032;0.347193;0.187342
234701;0.184133;0.188175;0.187276
246404;0.184558;0.18943;0.187714
258692;0.185788;0.191204;0.188257
271594;0.187161;0.193195;0.188875
285141;0.188954;0.195889;0.189595
299365;0.191202;0.199222;0.190635
314300;0.194386;0.203547;0.191948
329981;0.198649;0.209467;0.193575
346446;0.204586;0.217796;0.195956
363734;0.213554;0.228799;0.199403
381886;0.226186;0.244212;0.204366
400945;0.245425;0.266668;0.212318
420956;0.276907;0.301134;0.225986
441967;0.323323;0.350655;0.205368
464028;0.203243;0.205935;0.205649
487192;0.203987;0.20691;0.206045
511514;0.205086;0.208196;0.206456
537052;0.206358;0.209938;0.207068
563866;0.20791;0.212001;0.207747
592020;0.209979;0.214722;0.208634
621581;0.212652;0.218394;0.20984
652620;0.216491;0.223578;0.211406
685210;0.221733;0.230966;0.213719
719429;0.229619;0.240924;0.216905
755358;0.241166;0.25478;0.22171
793083;0.258912;0.274911;0.229259
832694;0.286715;0.306214;0.241799
874285;0.330496;0.354126;0.2133
917955;0.213546;0.214848;0.213616
963808;0.214438;0.215958;0.214064
1011953;0.21546;0.217286;0.214551
1062505;0.216797;0.219104;0.215207
1115584;0.218518;0.221354;0.215891
1171316;0.220857;0.224385;0.216785
1229834;0.223983;0.228428;0.217951
1291277;0.228249;0.234266;0.219537
1355792;0.234176;0.24265;0.221803
1423532;0.242752;0.253969;0.225053
1494659;0.255122;0.26967;0.229965
1569342;0.274058;0.291606;0.237459
1647759;0.302249;0.32423;0.25022
1730096;0.345436;0.372271;0.219544
1816549;0.413202;0.443862;0.220361
1907324;0.234933;0.2355;0.221531
2002637;0.235825;0.239603;0.222374
2102715;0.243966;0.245082;0.223884
2207796;0.250287;0.251895;0.225424
2318131;0.257389;0.259566;0.228212
2433982;0.263967;0.268291;0.231322
2555625;0.26813;0.27815;0.235451
2683350;0.2778;0.290004;0.240082
2817461;0.289432;0.303485;0.246674
2958277;0.309138;0.32146;0.255037
3106133;0.330238;0.345154;0.266867
3261381;0.359545;0.378334;0.283199
3424391;0.403244;0.428404;0.308738
3595551;0.471508;0.506183;0.2502
3775269;0.27058;0.284669;0.252056
3963972;0.28731;0.287931;0.255022
4162110;0.30094;0.293599;0.259042
4370154;0.297749;0.300363;0.263535
4588600;0.302345;0.30455;0.264869
4817968;0.31087;0.311921;0.269007
5058804;0.314787;0.320553;0.273195
5311681;0.322845;0.330737;0.277293
5577201;0.334825;0.343986;0.282774
5855997;0.354436;0.363859;0.291167
6148732;0.354695;0.3883;0.300216
6456103;0.398419;0.426516;0.316822
6778842;0.442484;0.475661;0.337997
7117717;0.509401;0.551936;0.389318
7473535;0.441691;0.432613;0.393106
7847143;0.450519;0.437358;0.395725
8239431;0.42927;0.445104;0.401957
8651333;0.458293;0.452138;0.406119
9083830;0.474383;0.456956;0.406247
9537951;0.472406;0.468563;0.415009
