cset: --> last message, executed args into cpuset "/user", new pid is: 2810614
Running insertion:
absl::flat_hash_map;foa_unordered_rc16_map;foa_unordered_rc15_map
10000;0.251488;0.21681;0.263042
10500;0.246936;0.209949;0.256699
11025;0.240516;0.204155;0.250541
11576;0.235598;0.200517;0.245736
12154;0.231947;0.196497;0.241494
12760;0.229042;0.19338;0.238063
13396;0.227445;0.191929;0.236715
14063;0.228505;0.193106;0.336757
14763;0.315589;0.282479;0.326524
15498;0.305749;0.272854;0.316888
16269;0.297844;0.263627;0.307663
17078;0.28849;0.254496;0.298702
17927;0.280797;0.246401;0.290601
18818;0.273821;0.238443;0.283146
19753;0.267219;0.231096;0.275362
20734;0.260197;0.224289;0.268786
21764;0.254223;0.218403;0.262925
22845;0.24894;0.212796;0.257626
23980;0.244442;0.2081;0.252981
25171;0.240664;0.204901;0.249921
26421;0.238048;0.203141;0.248738
27733;0.237043;0.203741;0.347755
29110;0.323511;0.294567;0.337395
30555;0.314213;0.283975;0.327297
32072;0.305423;0.274584;0.317848
33664;0.297126;0.265625;0.308895
35335;0.28943;0.257141;0.300382
37089;0.281805;0.249354;0.292354
38930;0.274782;0.241572;0.284727
40863;0.268264;0.234626;0.277663
42892;0.262258;0.228108;0.271137
45022;0.256851;0.22237;0.26496
47258;0.25185;0.216613;0.259949
49605;0.247769;0.212621;0.255987
52069;0.244885;0.20999;0.253973
54656;0.243605;0.20866;0.355581
57372;0.326577;0.301676;0.344912
60223;0.318453;0.291898;0.334581
63216;0.309955;0.28262;0.324845
66358;0.30187;0.273841;0.315681
69657;0.293969;0.26547;0.306855
73120;0.286827;0.256777;0.298547
76756;0.279837;0.249076;0.290541
80573;0.273578;0.242253;0.283486
84580;0.267712;0.235665;0.276806
88787;0.262355;0.229846;0.270687
93204;0.257593;0.224629;0.2654
97841;0.253585;0.22033;0.261242
102709;0.250576;0.217191;0.25892
107820;0.248973;0.216006;0.364539
113186;0.250024;0.217535;0.353502
118820;0.331313;0.303533;0.342868
124735;0.32295;0.29422;0.332911
130945;0.315571;0.285019;0.323433
137465;0.307773;0.276336;0.31457
144311;0.301113;0.268386;0.306145
151499;0.294151;0.260316;0.298129
159046;0.288179;0.253499;0.290538
166970;0.282376;0.247046;0.283968
175290;0.277294;0.241259;0.277889
184026;0.272541;0.235905;0.272456
193198;0.268671;0.231559;0.268244
202828;0.26562;0.228062;0.265385
212939;0.264357;0.226288;0.265003
223555;0.264635;0.227291;0.381644
234701;0.395948;0.345591;0.370133
246404;0.388349;0.335864;0.360373
258692;0.381471;0.326032;0.350966
271594;0.375142;0.316219;0.341619
285141;0.369019;0.307564;0.332704
299365;0.363102;0.298837;0.324231
314300;0.357117;0.290586;0.315917
329981;0.351441;0.283178;0.30864
346446;0.345544;0.276155;0.301736
363734;0.339842;0.27002;0.29594
381886;0.334963;0.264474;0.29092
400945;0.33008;0.260372;0.287165
420956;0.326259;0.258027;0.285785
441967;0.324264;0.257617;0.452094
464028;0.568379;0.429252;0.444717
487192;0.561994;0.422335;0.439444
511514;0.552838;0.411787;0.430844
537052;0.544198;0.398986;0.424516
563866;0.535017;0.387494;0.417533
592020;0.525181;0.376506;0.409557
621581;0.516009;0.366623;0.401247
652620;0.506981;0.357682;0.396343
685210;0.498212;0.348223;0.388394
719429;0.489879;0.340587;0.384353
755358;0.481505;0.334912;0.381677
793083;0.473783;0.327375;0.374621
832694;0.467109;0.322277;0.373487
874285;0.461884;0.319867;0.687199
917955;0.593005;0.556816;0.677899
963808;0.592408;0.549915;0.665743
1011953;0.583492;0.536386;0.65213
1062505;0.576002;0.520986;0.640099
1115584;0.56655;0.506857;0.627917
1171316;0.560007;0.495194;0.61818
1229834;0.551881;0.483239;0.609246
1291277;0.54511;0.471662;0.600242
1355792;0.538178;0.46142;0.591775
1423532;0.532232;0.451933;0.583876
1494659;0.527213;0.444323;0.576181
1569342;0.521548;0.437094;0.570494
1647759;0.51744;0.430175;0.565048
1730096;0.513907;0.425674;0.804091
1816549;0.512803;0.424599;0.790416
1907324;0.712828;0.639334;0.776865
2002637;0.703316;0.628162;0.763799
2102715;0.692888;0.617858;0.752434
2207796;0.682139;0.608108;0.740025
2318131;0.67176;0.598014;0.729746
2433982;0.662677;0.588832;0.719642
2555625;0.653954;0.580612;0.709944
2683350;0.645831;0.575377;0.70164
2817461;0.6375;0.56832;0.692954
2958277;0.630258;0.560318;0.686548
3106133;0.623954;0.554996;0.681668
3261381;0.618138;0.549632;0.676544
3424391;0.613559;0.545956;0.672686
3595551;0.610542;0.544739;0.902542
3775269;0.81074;0.760797;0.891875
3963972;0.802213;0.746426;0.867283
4162110;0.794286;0.733708;0.86064
4370154;0.787252;0.719999;0.844542
4588600;0.779911;0.709022;0.833142
4817968;0.773122;0.698044;0.82183
5058804;0.767052;0.687531;0.802405
5311681;0.76144;0.679282;0.811071
5577201;0.754928;0.671757;0.7923
5855997;0.750232;0.666298;0.777575
6148732;0.745121;0.657939;0.781945
6456103;0.741348;0.652117;0.769655
6778842;0.738103;0.651214;0.78261
7117717;0.734246;0.650447;0.996797
7473535;0.921884;0.881023;0.976778
7847143;0.91515;0.857603;0.963372
8239431;0.91024;0.84237;0.942056
8651333;0.904627;0.828874;0.936625
9083830;0.900154;0.819798;0.918749
9537951;0.894914;0.806973;0.909223
